[
  {
    "id": "acbffa1f-eb22-47e0-9282-1a0889d58017",
    "name": "Analyze CloudWatch Alarm",
    "description": "Extract the alarm details from the description.",
    "icon": "/static/images/script_steps/gears.png",
    "script": "var desc = input['Alarm Description'];\n\n// Look for | chars to separate the fields\nvar res = desc.split(\"|\");\noutput[\"Component\"] = res[0].trim();\nif (res.length > 1) {\n    output[\"Alarm severity\"] = res[1].trim();\n}\nif (res.length > 2) {\n    output[\"Alarm reason\"] = res[2].trim();\n}",
    "endpointLabel": "",
    "allowedEnvironment": "HOSTED",
    "accessibleByAll": "NotShared",
    "scriptStepType": "USER",
    "inputs": [
      {
        "id": "59c6ffa5-4581-43ae-a1f9-9579f261f442",
        "name": "Alarm Description",
        "helpText": "",
        "defaultValue": "",
        "multiline": false,
        "required": true,
        "validationRegex": "",
        "maxLength": 2000,
        "minLength": 0,
        "position": 0
      }
    ],
    "outputs": [
      {
        "id": "21022d77-0748-426b-a204-23d1fd3ddb8a",
        "name": "Component",
        "description": "",
        "position": 0
      },
      {
        "id": "953794eb-3004-4562-86e3-952aa2a65499",
        "name": "Alarm severity",
        "description": "",
        "position": 1
      },
      {
        "id": "675753e4-7b00-4447-9965-afe27afa4d68",
        "name": "Alarm reason",
        "description": "",
        "position": 2
      }
    ]
  },
  {
    "id": "c0f73828-1317-4563-bb69-602b22aa0e29",
    "name": "Status.io: component in maintenance?",
    "description": "Checks to see if the specified instance is in an active maintenance window.",
    "icon": "/static/images/script_steps/gears.png",
    "script": "// This script goes through all of the active maintenances to see\n// if any of the affected components match the specified component.\n\n// Default is that it is not in maintenance\noutput[\"Is in maintenance\"] = false;\n\n// Get a list of all of the maintenances\nvar getMaintenances = http.request({\n    endpoint: 'Status.io',\n    method: 'GET',\n    path: '/v2/maintenances/' + input[\"Status.io Page ID\"],\n    headers: {\n        'x-api-id': input[\"Status.io API ID\"],\n        'x-api-key': input[\"Status.io API Key\"]\n    }\n});\n\nvar resp = getMaintenances.write();\nif (resp.statusCode != 200) {\n    // Error => not in maintenance\n    console.log(\"Got status code \"+resp.statusCode+\" back from status.io\");\n    return;\n}\n\nvar maintenances = JSON.parse(resp.body);\nvar active = maintenances.result.active_maintenances;\nif (active.length === 0) {\n    // No maintenances so not in maintenance!\n    console.log(\"No active maintenances reported by status.io\");\n    return;\n}\n\n// Iterate through the active maintenances\nvar maint;\nfor (maint = 0; maint < active.length; maint++) {\n    var getMaint = http.request({\n        endpoint: 'Status.io',\n        method: 'GET',\n        path: '/v2/maintenance/' + input[\"Status.io Page ID\"] + '/' + active[maint],\n        headers: {\n            'x-api-id': input[\"Status.io API ID\"],\n            'x-api-key': input[\"Status.io API Key\"]\n        }\n    });\n    \n    var maintResp = getMaint.write();\n    if (maintResp.statusCode == 200) {\n        var activeMaint = JSON.parse(maintResp.body);\n        // Check the affected components to see if we have a match\n        var affected = activeMaint.result.components_affected;\n        if (affected.length !== 0) {\n            var comp;\n            for (comp = 0; comp < affected.length; comp++) {\n                // We have a match\n                if (affected[comp].name == input[\"Status.io Component\"]) {\n                    output['Is in maintenance'] = true;\n                    return;\n                }\n            }\n        }\n    } else {\n        console.log(\"Got response \"+maintResp.statusCode+\" when querying active maintenance\");\n    }\n}\n",
    "endpointLabel": "Status.io",
    "allowedEnvironment": "HOSTED",
    "accessibleByAll": "NotShared",
    "scriptStepType": "USER",
    "inputs": [
      {
        "id": "157d8f78-ea99-4c59-a01d-1500cfe0f7c1",
        "name": "Status.io Component",
        "helpText": "",
        "defaultValue": "",
        "multiline": false,
        "required": true,
        "validationRegex": "",
        "maxLength": 2000,
        "minLength": 0,
        "position": 0
      },
      {
        "id": "15146fdf-af42-429f-a085-0c26a1d02457",
        "name": "Status.io Page ID",
        "helpText": "",
        "defaultValue": "",
        "multiline": false,
        "required": true,
        "validationRegex": "",
        "maxLength": 2000,
        "minLength": 0,
        "position": 1
      },
      {
        "id": "d03585b4-0cd0-4570-ad82-78c9b4ca6cf0",
        "name": "Status.io API ID",
        "helpText": "",
        "defaultValue": "",
        "multiline": false,
        "required": true,
        "validationRegex": "",
        "maxLength": 2000,
        "minLength": 0,
        "position": 2
      },
      {
        "id": "c2ad0731-478f-466c-840d-cbe5f8406f75",
        "name": "Status.io API Key",
        "helpText": "",
        "defaultValue": "",
        "multiline": false,
        "required": true,
        "validationRegex": "",
        "maxLength": 2000,
        "minLength": 0,
        "position": 3
      }
    ],
    "outputs": [
      {
        "id": "974bbf30-6363-47db-ad73-a2bff37af6a2",
        "name": "Is in maintenance",
        "description": "",
        "position": 0
      }
    ]
  },
  {
    "id": "f5188a05-de0e-488c-a066-45c8a5b0b3e0",
    "name": "Status.io: create incident",
    "description": "Creates an incident for the specified component if there isn't already an active incident.",
    "icon": "/static/images/script_steps/gears.png",
    "script": "// Either creates a new incident for the specified component or, if an\r\n// incident already exists, possibly updates it depending on the current\r\n// incident state/status and the new alarm details.\r\n\r\n/* global http, input */\r\n\r\nfunction getActiveIncidents() {\r\n    // Get the incidents that are active on status.io\r\n    var result = [];\r\n    var request = http.request({\r\n        endpoint: 'Status.io',\r\n        method: 'GET',\r\n        path: '/v2/incidents/' + input[\"Status.io Page ID\"],\r\n        headers: {\r\n            'x-api-id': input[\"Status.io API ID\"],\r\n            'x-api-key': input[\"Status.io API Key\"]\r\n        }\r\n    });\r\n    var response = request.write();\r\n\r\n    if (response.statusCode == 200) {\r\n        var incidents = JSON.parse(response.body);\r\n        result = incidents.result.active_incidents;\r\n    }\r\n\r\n    return result;\r\n}\r\n\r\nfunction getIncident(incidentId) {\r\n    console.log(\"getIncident \"+incidentId);\r\n    // Get the specified incident from status.io\r\n    var request = http.request({\r\n        endpoint: 'Status.io',\r\n        method: 'GET',\r\n        path: '/v2/incident/' + input[\"Status.io Page ID\"] + '/' + incidentId,\r\n        headers: {\r\n            'x-api-id': input[\"Status.io API ID\"],\r\n            'x-api-key': input[\"Status.io API Key\"]\r\n        }\r\n    });\r\n    var response = request.write();\r\n\r\n    if (response.statusCode == 200) {\r\n        console.log(\"  returning incident details\");\r\n        var json = JSON.parse(response.body);\r\n        // API returns an array but it is only a single incident.\r\n        return json.result[0];\r\n    }\r\n\r\n    console.log(\"  returning null. Status code was \"+response.statusCode);\r\n    return null;\r\n}\r\n\r\nfunction findIncident(component) {\r\n    console.log(\"findIncident\");\r\n    // Try to find an active incident for the specified component\r\n    var activeIncidents = getActiveIncidents();\r\n\r\n    if (activeIncidents.length !== 0) {\r\n        console.log(\"  got \"+activeIncidents.length+\" active incidents\");\r\n        var incidentIndex;\r\n\r\n        for (incidentIndex = 0; incidentIndex < activeIncidents.length; incidentIndex++) {\r\n            var incident = getIncident(activeIncidents[incidentIndex]);\r\n\r\n            if (incident !== null) {\r\n                // Check the affected components to see if we have a match\r\n                if (\"components_affected\" in incident) {\r\n                    var affected = incident.components_affected;\r\n\r\n                    if (affected.length !== 0) {\r\n                        console.log(\"  checking affected components\");\r\n                        var comp;\r\n    \r\n                        for (comp = 0; comp < affected.length; comp++) {\r\n                            // We have a match\r\n                            if (affected[comp].name == component) {\r\n                                console.log(\"  matched an active incident\");\r\n                                return incident;\r\n                            }\r\n                        }\r\n                    } else {\r\n                        console.log(\"  incident \"+activeIncidents[incidentIndex]+\" has no affected components\");\r\n                    }\r\n                } else {\r\n                    console.log(\"  can't find components_affected\");\r\n                }\r\n            } else {\r\n                console.log(\"  failed to get incident \"+activeIncidents[incidentIndex]);\r\n            }\r\n        }\r\n\r\n        console.log(\"  didn't match an incident to this component\");\r\n    } else {\r\n        console.log(\"  no active incidents to match against\");\r\n    }\r\n\r\n    return null;\r\n}\r\n\r\nfunction componentInfrastructure(component) {\r\n    console.log(\"componentInfrastructure\");\r\n    var result = [];\r\n    var request = http.request({\r\n        endpoint: 'Status.io',\r\n        method: 'GET',\r\n        path: 'v2/component/list/' + input[\"Status.io Page ID\"],\r\n        headers: {\r\n            'x-api-id': input[\"Status.io API ID\"],\r\n            'x-api-key': input[\"Status.io API Key\"]\r\n        }\r\n    });\r\n    var response = request.write();\r\n\r\n    if (response.statusCode == 200) {\r\n        var infra = JSON.parse(response.body).result;\r\n        var index;\r\n\r\n        for (index = 0; index < infra.length; index++) {\r\n            if (infra[index].name == component) {\r\n                var containers = infra[index].containers;\r\n                var contIndex;\r\n\r\n                for (contIndex = 0; contIndex < containers.length; contIndex++) {\r\n                    result.push(infra[index]._id + '-' + containers[contIndex]._id);\r\n                }\r\n            }\r\n        }\r\n    } else {\r\n        console.log(\"Got status \" + response.statusCode + \" while querying component list\");\r\n    }\r\n\r\n    return result;\r\n}\r\n\r\n// See if there is an existing incident before doing anything else.\r\nvar componentIncident = findIncident(input[\"Status.io Component\"]);\r\nif (componentIncident !== null) {\r\n    // We've got an existing incident for this component.\r\n    // Possible conditions and actions:\r\n    // If the incident is NOT in the investigation state (100) then\r\n    // we need to put it back into that state because this is a new alarm.\r\n    // If the incident is under investigation and this alarm has a higher\r\n    // status than currently, we need to update that to show the severity.\r\n    var update = true;\r\n    var lastState;\r\n    var messages = componentIncident.messages;\r\n    var index;\r\n    console.log(\"Got \"+messages.length+\" messages to check in incident\");\r\n    for (index = 0; index < messages.length; index++) {\r\n        lastState = messages[index].state;\r\n        if (messages[index].state == 100) {\r\n            if (messages[index].status > input['Status code']) {\r\n                update = false;\r\n                break;\r\n            }\r\n        }\r\n    }\r\n    console.log(\"After messages, update=\"+update+\", lastState=\"+lastState);\r\n    if (update || lastState != 100) {\r\n        var updateIncidentBody = {\r\n            \"statuspage_id\": input[\"Status.io Page ID\"],\r\n            \"incident_id\": componentIncident._id,\r\n            \"notify_email\": input['Notify email'],\r\n            \"notify_sms\": input['Notify SMS'],\r\n            \"notify_webhook\": input['Notify webhook'],\r\n            \"social\": input['Notify social'],\r\n            \"irc\": input['Notify IRC'],\r\n            \"hipchat\": \"0\",\r\n            \"slack\": input['Notify Slack'],\r\n            \"current_status\": parseInt(input['Status code']),\r\n            \"current_state\": 100\r\n        };\r\n\r\n        if (lastState != 100) {\r\n            updateIncidentBody[\"incident_details\"] = \"New issue detected to be investigated\";\r\n        } else {\r\n            updateIncidentBody[\"incident_details\"] = \"Increased incident severity\";\r\n        }\r\n\r\n        var updateIncidentRequest = http.request({\r\n            endpoint: 'Status.io',\r\n            method: 'POST',\r\n            path: '/v2/incident/update',\r\n            headers: {\r\n                'Content-Type': 'application/json',\r\n                'x-api-id': input[\"Status.io API ID\"],\r\n                'x-api-key': input[\"Status.io API Key\"]\r\n            }\r\n        });\r\n        updateIncidentRequest.write(updateIncidentBody);\r\n    } else {\r\n        console.log(\"No update of existing incident required\");\r\n    }\r\n} else {\r\n    // No incident found for this component so let's create one.\r\n    var newIncidentBody = {\r\n        'statuspage_id': input[\"Status.io Page ID\"],\r\n        'infrastructure_affected': componentInfrastructure(input[\"Status.io Component\"]),\r\n        'incident_name': 'A problem with ' + input[\"Status.io Component\"] + ' is being investigated',\r\n        'incident_details': input['Status description'],\r\n        \"notify_email\": input['Notify email'],\r\n        \"notify_sms\": input['Notify SMS'],\r\n        \"notify_webhook\": input['Notify webhook'],\r\n        \"social\": input['Notify social'],\r\n        \"irc\": input['Notify IRC'],\r\n        \"hipchat\": \"0\",\r\n        \"slack\": input['Notify Slack'],\r\n        \"current_status\": parseInt(input['Status code']),\r\n        'current_state': 100,\r\n        'all_infrastructure_affected': '0'\r\n    };\r\n    var newIncidentRequest = http.request({\r\n        endpoint: 'Status.io',\r\n        method: 'POST',\r\n        path: '/v2/incident/create',\r\n        headers: {\r\n            'Content-Type': 'application/json',\r\n            'x-api-id': input[\"Status.io API ID\"],\r\n            'x-api-key': input[\"Status.io API Key\"]\r\n        }\r\n    });\r\n    // Do another check on Status.io just to make sure an incident didn't get created while\r\n    // this was running ... this isn't entirely safe against race conditions but it should\r\n    // narrow the window of opportunity.\r\n    if (findIncident(input[\"Status.io Component\"]) === null) {\r\n        newIncidentRequest.write(newIncidentBody);\r\n    }\r\n}\r\n",
    "endpointAuthType": "NO_AUTH",
    "endpointLabel": "Status.io",
    "allowedEnvironment": "HOSTED",
    "accessibleByAll": "NotShared",
    "scriptStepType": "USER",
    "inputs": [
      {
        "id": "39910951-9129-43b1-b3f8-335c52cb19aa",
        "name": "Status.io Component",
        "helpText": "",
        "defaultValue": "",
        "multiline": false,
        "required": true,
        "validationRegex": "",
        "maxLength": 2000,
        "minLength": 0,
        "position": 0
      },
      {
        "id": "bd071eef-accf-427f-b062-ed4e8ebc5c73",
        "name": "Status.io Page ID",
        "helpText": "",
        "defaultValue": "",
        "multiline": false,
        "required": true,
        "validationRegex": "",
        "maxLength": 2000,
        "minLength": 0,
        "position": 1
      },
      {
        "id": "25df65fe-f1cb-4f7f-90e3-bedad9f16dfd",
        "name": "Status.io API ID",
        "helpText": "",
        "defaultValue": "",
        "multiline": false,
        "required": true,
        "validationRegex": "",
        "maxLength": 2000,
        "minLength": 0,
        "position": 2
      },
      {
        "id": "c5789c58-32b4-448c-a3fd-ae1fb785dbff",
        "name": "Status.io API Key",
        "helpText": "",
        "defaultValue": "",
        "multiline": false,
        "required": true,
        "validationRegex": "",
        "maxLength": 2000,
        "minLength": 0,
        "position": 3
      },
      {
        "id": "3017a958-fcbe-4e47-a36d-551fb5c03745",
        "name": "Status description",
        "helpText": "",
        "defaultValue": "",
        "multiline": false,
        "required": true,
        "validationRegex": "",
        "maxLength": 2000,
        "minLength": 0,
        "position": 4
      },
      {
        "id": "4cd862ca-439b-4ceb-bb60-01bb1553298c",
        "name": "Status code",
        "helpText": "",
        "defaultValue": "",
        "multiline": false,
        "required": true,
        "validationRegex": "",
        "maxLength": 2000,
        "minLength": 0,
        "position": 5
      },
      {
        "id": "680fc7c4-1053-4868-8dca-e8b0d3bcd186",
        "name": "Notify email",
        "helpText": "Set to 1 if you want email sent to subscribers",
        "defaultValue": "0",
        "multiline": false,
        "required": false,
        "validationRegex": "",
        "maxLength": 1,
        "minLength": 0,
        "position": 6
      },
      {
        "id": "9398da98-29e0-4e5d-a605-0b0eb53ac57c",
        "name": "Notify SMS",
        "helpText": "Set to 1 if you want SMS sent to subscribers",
        "defaultValue": "0",
        "multiline": false,
        "required": false,
        "validationRegex": "",
        "maxLength": 1,
        "minLength": 0,
        "position": 7
      },
      {
        "id": "45b3261a-27dc-4687-bc2d-f9d8d9719df7",
        "name": "Notify webhook",
        "helpText": "Set to 1 to trigger notification webhook",
        "defaultValue": "0",
        "multiline": false,
        "required": false,
        "validationRegex": "",
        "maxLength": 1,
        "minLength": 0,
        "position": 8
      },
      {
        "id": "3824aea7-362f-4e28-8799-53e3d443b9ff",
        "name": "Notify social",
        "helpText": "Set to 1 to send notification to social channel",
        "defaultValue": "0",
        "multiline": false,
        "required": false,
        "validationRegex": "",
        "maxLength": 1,
        "minLength": 0,
        "position": 9
      },
      {
        "id": "44079d74-e791-47b8-99f7-8658ed9c42b6",
        "name": "Notify IRC",
        "helpText": "Set to 1 to send notification to IRC",
        "defaultValue": "0",
        "multiline": false,
        "required": false,
        "validationRegex": "",
        "maxLength": 1,
        "minLength": 0,
        "position": 10
      },
      {
        "id": "025df28f-45ef-4167-b2f5-d248870827d2",
        "name": "Notify Slack",
        "helpText": "Set to 1 to send notification to Slack",
        "defaultValue": "0",
        "multiline": false,
        "required": false,
        "validationRegex": "",
        "maxLength": 1,
        "minLength": 0,
        "position": 11
      }
    ],
    "outputs": []
  },
  {
    "id": "6c1267e1-604f-468a-80c5-2916ccacec27",
    "name": "Status.io: status mapper",
    "description": "Takes a string, maps it against provided values and outputs the corresponding status.io status value.",
    "icon": "/static/images/script_steps/gears.png",
    "script": "var result = 500; // Default to service disruption\nvar toDecode = input[\"Status\"];\n\nif (toDecode == input['Degraded Performance string']) {\n    result = 300;\n} else if (toDecode == input['Partial Service Disruption string']) {\n    result = 400;\n} else if (toDecode == input['Service Disruption string']) {\n    result = 500;\n} else if (toDecode == input['Security Event string']) {\n    result = 600;\n}\n\noutput['Status.io status'] = result;\n",
    "endpointLabel": "",
    "allowedEnvironment": "HOSTED",
    "accessibleByAll": "NotShared",
    "scriptStepType": "USER",
    "inputs": [
      {
        "id": "1d80f092-5b51-4330-8831-4e709ef239ef",
        "name": "Status",
        "helpText": "",
        "defaultValue": "",
        "multiline": false,
        "required": true,
        "validationRegex": "",
        "maxLength": 2000,
        "minLength": 0,
        "position": 0
      },
      {
        "id": "3f225af1-34aa-4fb6-9e49-bf242c561059",
        "name": "Degraded Performance string",
        "helpText": "",
        "defaultValue": "",
        "multiline": false,
        "required": false,
        "validationRegex": "",
        "maxLength": 2000,
        "minLength": 0,
        "position": 1
      },
      {
        "id": "64b5c8f3-356f-47c8-9fbd-b52cdf587a67",
        "name": "Partial Service Disruption string",
        "helpText": "",
        "defaultValue": "",
        "multiline": false,
        "required": false,
        "validationRegex": "",
        "maxLength": 2000,
        "minLength": 0,
        "position": 2
      },
      {
        "id": "974111ac-2e0a-406a-bcbb-dd3de18e7f49",
        "name": "Service Disruption string",
        "helpText": "",
        "defaultValue": "",
        "multiline": false,
        "required": false,
        "validationRegex": "",
        "maxLength": 2000,
        "minLength": 0,
        "position": 3
      },
      {
        "id": "3fa8faee-842b-4d41-836b-202ca16554d0",
        "name": "Security Event string",
        "helpText": "",
        "defaultValue": "",
        "multiline": false,
        "required": false,
        "validationRegex": "",
        "maxLength": 2000,
        "minLength": 0,
        "position": 4
      }
    ],
    "outputs": [
      {
        "id": "17788871-92b9-46a5-946e-9545d0912c47",
        "name": "Status.io status",
        "description": "",
        "position": 0
      }
    ]
  },
  {
    "id": "b1ef664c-1bbc-4fb3-8bce-ce96a344e1fc",
    "name": "Status.io: update incident",
    "description": "If all events for the current component are dealt with, changes the Status.io incident to the specified state.",
    "icon": "/static/images/script_steps/gears.png",
    "script": "// If all events for the specified component have been dealt with,\r\n// changes the state of the Status.io incident for this component\r\n// to be the specified value.\r\n//\r\n// Nothing is done if there are still active events.\r\n\r\n/* global http, input */\r\n\r\nfunction getActiveIncidents() {\r\n    // Get the incidents that are active on status.io\r\n    console.log(\"getActiveIncidents\");\r\n    var result = [];\r\n    var request = http.request({\r\n        endpoint: 'Status.io',\r\n        method: 'GET',\r\n        path: '/v2/incidents/' + input[\"Status.io Page ID\"],\r\n        headers: {\r\n            'x-api-id': input[\"Status.io API ID\"],\r\n            'x-api-key': input[\"Status.io API Key\"]\r\n        }\r\n    });\r\n    var response = request.write();\r\n\r\n    if (response.statusCode == 200) {\r\n        var incidents = JSON.parse(response.body);\r\n        result = incidents.result.active_incidents;\r\n    } else {\r\n        console.log(\"  got status code \"+response.statusCode);\r\n    }\r\n\r\n    return result;\r\n}\r\n\r\nfunction getIncident(incidentId) {\r\n    console.log(\"getIncident \"+incidentId);\r\n    // Get the specified incident from status.io\r\n    var request = http.request({\r\n        endpoint: 'Status.io',\r\n        method: 'GET',\r\n        path: '/v2/incident/' + input[\"Status.io Page ID\"] + '/' + incidentId,\r\n        headers: {\r\n            'x-api-id': input[\"Status.io API ID\"],\r\n            'x-api-key': input[\"Status.io API Key\"]\r\n        }\r\n    });\r\n    var response = request.write();\r\n\r\n    if (response.statusCode == 200) {\r\n        var json = JSON.parse(response.body);\r\n        // API returns an array but it is only a single incident.\r\n        console.log(\"  returning incident details\");\r\n        return json.result[0];\r\n    }\r\n\r\n    console.log(\"  returning null. Status code was \"+response.statusCode);\r\n    return null;\r\n}\r\n\r\nfunction findIncident(component) {\r\n    console.log(\"findIncident\");\r\n    // Try to find an active incident for the specified component\r\n    var activeIncidents = getActiveIncidents();\r\n\r\n    if (activeIncidents.length !== 0) {\r\n        console.log(\"  got \"+activeIncidents.length+\" active incidents\");\r\n        var incidentIndex;\r\n\r\n        for (incidentIndex = 0; incidentIndex < activeIncidents.length; incidentIndex++) {\r\n            var incident = getIncident(activeIncidents[incidentIndex]);\r\n\r\n            if (incident !== null) {\r\n                // Check the affected components to see if we have a match\r\n                if (\"components_affected\" in incident) {\r\n                    var affected = incident.components_affected;\r\n\r\n                    if (affected.length !== 0) {\r\n                        console.log(\"  checking affected components\");\r\n                        var comp;\r\n    \r\n                        for (comp = 0; comp < affected.length; comp++) {\r\n                            // We have a match\r\n                            if (affected[comp].name == component) {\r\n                                console.log(\"  matched an active incident\");\r\n                                return incident;\r\n                            }\r\n                        }\r\n                    } else {\r\n                        console.log(\"  incident \"+activeIncidents[incidentIndex]+\" has no affected components\");\r\n                    }\r\n                } else {\r\n                    console.log(\"  can't find components_affected\");\r\n                }\r\n            } else {\r\n                console.log(\"  failed to get incident \"+activeIncidents[incidentIndex]);\r\n            }\r\n        }\r\n\r\n        console.log(\"  didn't match an incident to this component\");\r\n    }\r\n\r\n    return null;\r\n}\r\n\r\nfunction processIncident(incident) {\r\n    console.log(\"processIncident\");\r\n    if (incident === null) {\r\n        // No incident => nothing to do.\r\n        console.log(\"  no incident provided. Nothing to do.\");\r\n        return;\r\n    }\r\n    // Get the incident's last state from the messages.\r\n    var messages = componentIncident.messages;\r\n    var lastState = messages[messages.length-1].state;\r\n    if (lastState != 100) {\r\n        // Not under investigation => nothing to do.\r\n        console.log(\"  specified incident is not under investigation. Nothing to do.\");\r\n        return;\r\n    }\r\n    // Are we the last active xMatters event for this component?\r\n    var count = parseInt(input['xMatters Event Count']);\r\n    if (count != 1) {\r\n        // Nope\r\n        console.log(\"  we aren't the last xMatters event for this component. Nothing to do.\");\r\n        return;\r\n    }\r\n    // Update the Status.io incident to the desired values.\r\n    var updateIncidentBody = {\r\n        \"statuspage_id\": input[\"Status.io Page ID\"],\r\n        \"incident_id\": componentIncident._id,\r\n        \"notify_email\": input['Notify email'],\r\n        \"notify_sms\": input['Notify SMS'],\r\n        \"notify_webhook\": input['Notify webhook'],\r\n        \"social\": input['Notify social'],\r\n        \"irc\": input['Notify IRC'],\r\n        \"hipchat\": \"0\",\r\n        \"slack\": input['Notify Slack'],\r\n        \"current_status\": 100,\r\n        \"current_state\": parseInt(input['New incident state']),\r\n        \"incident_details\": input['Update message']\r\n    };\r\n\r\n    var updateIncidentRequest = http.request({\r\n        endpoint: 'Status.io',\r\n        method: 'POST',\r\n        path: '/v2/incident/update',\r\n        headers: {\r\n            'Content-Type': 'application/json',\r\n            'x-api-id': input[\"Status.io API ID\"],\r\n            'x-api-key': input[\"Status.io API Key\"]\r\n        }\r\n    });\r\n    console.log(\"Updating the Status.io incident\");\r\n    updateIncidentRequest.write(updateIncidentBody);\r\n}\r\n\r\nvar componentIncident = findIncident(input[\"Status.io Component\"]);\r\nprocessIncident(componentIncident);\r\n",
    "endpointAuthType": "NO_AUTH",
    "endpointLabel": "Status.io",
    "allowedEnvironment": "HOSTED",
    "accessibleByAll": "NotShared",
    "scriptStepType": "USER",
    "inputs": [
      {
        "id": "c35089c5-bb66-47f3-996a-f72e0349d01c",
        "name": "Status.io Component",
        "helpText": "",
        "defaultValue": "",
        "multiline": false,
        "required": true,
        "validationRegex": "",
        "maxLength": 2000,
        "minLength": 0,
        "position": 0
      },
      {
        "id": "9774d4ec-4a40-474c-a4a0-75222ef95ed1",
        "name": "xMatters Event Count",
        "helpText": "",
        "defaultValue": "",
        "multiline": false,
        "required": true,
        "validationRegex": "",
        "maxLength": 2000,
        "minLength": 0,
        "position": 1
      },
      {
        "id": "e2cdf948-21b4-4579-be73-92fe38028cfe",
        "name": "Status.io Page ID",
        "helpText": "",
        "defaultValue": "",
        "multiline": false,
        "required": true,
        "validationRegex": "",
        "maxLength": 2000,
        "minLength": 0,
        "position": 2
      },
      {
        "id": "fdc8afc3-849d-4d1d-86d9-fa4fae520c1d",
        "name": "Status.io API ID",
        "helpText": "",
        "defaultValue": "",
        "multiline": false,
        "required": true,
        "validationRegex": "",
        "maxLength": 2000,
        "minLength": 0,
        "position": 3
      },
      {
        "id": "86c158e0-42dc-4bf2-a568-7d2757cca8b1",
        "name": "Status.io API Key",
        "helpText": "",
        "defaultValue": "",
        "multiline": false,
        "required": true,
        "validationRegex": "",
        "maxLength": 2000,
        "minLength": 0,
        "position": 4
      },
      {
        "id": "8dddf9e8-81fd-479c-a6c7-602c69ae9cbd",
        "name": "New incident state",
        "helpText": "",
        "defaultValue": "200",
        "multiline": false,
        "required": false,
        "validationRegex": "",
        "maxLength": 3,
        "minLength": 0,
        "position": 5
      },
      {
        "id": "7115ef9b-d184-4cb6-b9de-788c9708090e",
        "name": "Update message",
        "helpText": "",
        "defaultValue": "All problems have been identified",
        "multiline": false,
        "required": false,
        "validationRegex": "",
        "maxLength": 2000,
        "minLength": 0,
        "position": 6
      },
      {
        "id": "4d180988-a221-4242-b4bf-99dc0312d54e",
        "name": "Notify email",
        "helpText": "Set to 1 if you want email sent to subscribers",
        "defaultValue": "0",
        "multiline": false,
        "required": false,
        "validationRegex": "",
        "maxLength": 1,
        "minLength": 0,
        "position": 7
      },
      {
        "id": "2d8a6b8e-16a1-4d52-977a-beee7dc6a6d1",
        "name": "Notify SMS",
        "helpText": "Set to 1 if you want SMS sent to subscribers",
        "defaultValue": "0",
        "multiline": false,
        "required": false,
        "validationRegex": "",
        "maxLength": 1,
        "minLength": 0,
        "position": 8
      },
      {
        "id": "d0529df5-4c61-4143-ab67-3641d780334e",
        "name": "Notify webhook",
        "helpText": "Set to 1 to trigger notification webhook",
        "defaultValue": "0",
        "multiline": false,
        "required": false,
        "validationRegex": "",
        "maxLength": 1,
        "minLength": 0,
        "position": 9
      },
      {
        "id": "5a96b2a7-b8ab-4667-8bff-299c9e7de984",
        "name": "Notify social",
        "helpText": "Set to 1 to send notification to social channel",
        "defaultValue": "0",
        "multiline": false,
        "required": false,
        "validationRegex": "",
        "maxLength": 1,
        "minLength": 0,
        "position": 10
      },
      {
        "id": "a2e4ccc5-56db-4b52-adc4-b86f0e1e81ec",
        "name": "Notify IRC",
        "helpText": "Set to 1 to send notification to IRC",
        "defaultValue": "0",
        "multiline": false,
        "required": false,
        "validationRegex": "",
        "maxLength": 1,
        "minLength": 0,
        "position": 11
      },
      {
        "id": "5c259959-ec1e-489f-8222-e44cf1785767",
        "name": "Notify Slack",
        "helpText": "Set to 1 to send notification to Slack",
        "defaultValue": "0",
        "multiline": false,
        "required": false,
        "validationRegex": "",
        "maxLength": 1,
        "minLength": 0,
        "position": 12
      }
    ],
    "outputs": []
  },
  {
    "id": "79dfcc3a-062a-4a31-9f03-46e41be4d908",
    "name": "xMatters active component/event count",
    "description": "Determines the number of active events for the specified affected component",
    "icon": "/static/images/script_steps/gears.png",
    "script": "// For the specified component, find the active events affecting it\r\n// and output the count so that this can be fed into the step that\r\n// updates Status.io when the last event is dealt with.\r\n\r\n/* globals http, input, output */\r\n\r\n// Get all of the active xMatters events and add up the ones that refer\r\n// to this component.\r\nvar request = http.request({ \r\n    \"endpoint\": \"xMatters\",\r\n    \"path\": \"/api/xm/1/events?status=ACTIVE&embed=properties&propertyName=AffectedComponent%23en&propertyValue=\"+encodeURIComponent(input[\"Affected Component\"]),\r\n    \"method\": \"GET\",\r\n    \"autoEncodeURI\": false\r\n});\r\n\r\nvar foundEvents = 0;\r\nvar looping = true;\r\ndo {\r\n    var response = request.write();\r\n\r\n    if (response.statusCode == 200 ) {\r\n        var json = JSON.parse(response.body);\r\n        console.log(\"Retrieved events: \" + json.count);\r\n        foundEvents += json.count;\r\n        looping = (\"next\" in json.links);\r\n        if (looping) {\r\n            request.path = json.links.next;\r\n        }\r\n    } else {\r\n        looping = false;\r\n    }\r\n} while (looping);\r\n\r\nconsole.log(\"Total matching xMatters events: \"+foundEvents);\r\noutput[\"Event Count\"] = foundEvents;\r\n",
    "endpointAuthType": "XMATTERS",
    "endpointLabel": "xMatters",
    "allowedEnvironment": "HOSTED",
    "accessibleByAll": "NotShared",
    "scriptStepType": "USER",
    "inputs": [
      {
        "id": "9296cef3-d826-4ee0-9c44-4a4be1bedfb4",
        "name": "Affected Component",
        "helpText": "",
        "defaultValue": "",
        "multiline": false,
        "required": true,
        "validationRegex": "",
        "maxLength": 2000,
        "minLength": 0,
        "position": 0
      }
    ],
    "outputs": [
      {
        "id": "4dba6108-b4b4-4e98-a921-5dc99cf6f674",
        "name": "Event Count",
        "description": "",
        "position": 0
      }
    ]
  }
]